Name - strawberry; phosphorus;nitrogen;potassium;calcium;magnesium;
Measured values; 0.100000;1.200000;3.300000;5.400000;4.500000;
Added values; 4980.000000;9760.242188;29342.162109;11922.626953;3100.867920;
