Name - cucumber; phosphorus;nitrogen;potassium;calcium;magnesium;
Measured values; 0.100000;1.200000;3.300000;5.400000;4.500000;
Added values; 3990.000000;19880.000000;27670.000000;13460.000000;3550.000000;
