Name - salad; phosphorus;nitrate;potassium;pH;
Measured values; 0.100000;1.200000;3.300000;5.400000;
Added values; 87600.000000;127200.000000;162800.000000;198400.000000;
