Name; phosphorus;nitrate;potassium;pH;
Measured values; 0.100000;1.200000;3.300000;5.400000;
Added values; 4.400000;6.000000;3.489120;1.475000;
