Name; phosphorus;nitrate;potassium;pH;
Measured values; 0.100000;1.200000;3.300000;5.400000;
Added values; 3600.000000;3199.999756;-1199.999756;-5600.000488;
