Name - pinapple; phosphorus;nitrate;potassium;pH;
Measured values; 0.100000;1.200000;3.300000;5.400000;
Added values; 900.000000;799.999939;-299.999939;-1400.000122;
