Name - rucula; phosphorus;nitrate;potassium;pH;
Measured values; 0.100000;1.200000;3.300000;5.400000;
Added values; 3999600.000000;35200.000000;-1199.999756;-1600.000366;
