Name - Test; phosphorus;nitrogen;potassium;calcium;magnesium;
Measured values; 0.200000;1.600000;3.900000;5.100000;4.400000;
Added values; 980.000000;1040.010132;910.018372;890.025940;1060.040527;
