phosphorus;nitrate;potassium;pH;
4.500000;7.200000;6.789120;6.875000;