phosphorus;nitrate;potassium;pH;
40.000000;200.000000;140.000000;40.000000;