phosphorus;nitrogen;potassium;calcium;magnesium;
40.000000;200.000000;280.000000;140.000000;41.000000;