phosphorus;nitrate;potassium;pH;
3.000000;5.000000;3.000000;6.000000;