phosphorus;nitrate;potassium;pH;
1000.000000;10.000000;3.000000;5.000000;