phosphorus;nitrogen;potassium;calcium;magnesium;
50.000000;60.000000;70.000000;80.000000;90.000000;