phosphorus;nitrogen;potassium;calcium;magnesium;
25.000000;50.000000;150.000000;65.000000;20.000000;